<?xml version="1.0" encoding="UTF-8"?>
<sbml xmlns="http://www.sbml.org/sbml/level2/version3" level="2" version="3">
    <model id="functiondef">
        <listOfFunctionDefinitions>
            <functionDefinition id="f">
                <math xmlns="http://www.w3.org/1998/Math/MathML">
                    <lambda>
                        <bvar>
                            <ci> x </ci>
                        </bvar>
                        <apply>
                            <times/>
                            <ci> x </ci>
                            <cn> 2 </cn>
                        </apply>
                    </lambda>
                </math>
            </functionDefinition>
        </listOfFunctionDefinitions>
        <listOfCompartments>
            <compartment id="compartmentOne" size="1"/>
        </listOfCompartments>
        <listOfSpecies>
            <species id="S1" initialConcentration="1" compartment="compartmentOne"/>
            <species id="S2" initialConcentration="0" compartment="compartmentOne"/>
        </listOfSpecies>
        <listOfParameters>
            <parameter id="t" value = "1" units="second"/>
        </listOfParameters>
        <listOfReactions>
            <reaction id="reaction_1" reversible="false">
                <listOfReactants>
                    <speciesReference species="S1"/>
                </listOfReactants>
                <listOfProducts>
                    <speciesReference species="S2"/>
                </listOfProducts>
                <kineticLaw>
                    <math xmlns="http://www.w3.org/1998/Math/MathML">
                        <apply>
                        <divide/>
                            <apply>
                                <times/>
                                <apply>
                                    <ci> f </ci>
                                    <ci> S1 </ci>
                                </apply>
                                <ci> compartmentOne </ci>
                            </apply>
                            <ci> t</ci>
                        </apply>
                    </math>
                </kineticLaw>
            </reaction>
        </listOfReactions>
    </model>
</sbml>
